﻿{"cameraMode":{"drawMode":0,"name":"Shaded","section":"Shading Mode"},"sceneLighting":true,"audioPlay":false,"sceneViewState":{"showFog":true,"showMaterialUpdate":false,"showSkybox":true,"showFlares":true,"showImageEffects":true,"showParticleSystems":true},"in2DMode":false,"pivot":{"x":0.024152755737304689,"y":0.0,"z":-0.024300575256347657},"rotation":{"x":-0.08717229962348938,"y":0.8995905518531799,"z":-0.21045254170894624,"w":-0.37262263894081118},"size":10.87882137298584,"orthographic":false}